Classe,Etage,Pred,True,TP,FP,FN,Précision,Rappel,F1-score
Symphypleona,order,185.0,195.0,182.0,3.0,13.0,0.9837837837837838,0.9333333333333333,0.9578947368421054
Poduromorpha,order,95.0,98.0,91.0,4.0,7.0,0.9578947368421052,0.9285714285714286,0.9430051813471502
Entomobryomorpha,order,391.0,376.0,374.0,17.0,2.0,0.9565217391304348,0.9946808510638298,0.9752281616688396
Neelipleona,order,13.0,15.0,12.0,1.0,3.0,0.9230769230769231,0.8,0.8571428571428571
Moyenne,order,171.0,171.0,164.75,6.25,6.25,0.9553192957083119,0.914146403242148,0.9333177342502381
